<?xml version="1.0" standalone="no" ?>
<!--
Single SCO with basic runtime calls. SCORM 2004 3rd Edition.

Provided by Rustici Software - http://www.scorm.com

This example demonstrates the use of basic runtime calls in a multi-page SCO. It
includes a demonstration of bookmarking, status reporting (completion and success), 
score and time. It also includes the addition of a basic "controller" for providing
intra-SCO navigation.
-->

<manifest identifier="com.scorm.golfsamples.runtime.basicruntime.20043rd" version="1"
          xmlns="http://www.imsglobal.org/xsd/imscp_v1p1"
          xmlns:xsi="http://www.w3.org/2001/XMLSchema-instance"
          xmlns:adlcp="http://www.adlnet.org/xsd/adlcp_v1p3"
          xmlns:adlseq="http://www.adlnet.org/xsd/adlseq_v1p3"
          xmlns:adlnav="http://www.adlnet.org/xsd/adlnav_v1p3"
          xmlns:imsss="http://www.imsglobal.org/xsd/imsss"
          xsi:schemaLocation="http://www.imsglobal.org/xsd/imscp_v1p1 imscp_v1p1.xsd
                              http://www.adlnet.org/xsd/adlcp_v1p3 adlcp_v1p3.xsd
                              http://www.adlnet.org/xsd/adlseq_v1p3 adlseq_v1p3.xsd
                              http://www.adlnet.org/xsd/adlnav_v1p3 adlnav_v1p3.xsd
                              http://www.imsglobal.org/xsd/imsss imsss_v1p0.xsd">
	
  <metadata>
		<schema>ADL SCORM</schema>
		<schemaversion>2004 3rd Edition</schemaversion>
	</metadata>
  <organizations default="golf_sample_default_org">
		<organization identifier="golf_sample_default_org" adlseq:objectivesGlobalToSystem="false">
			<title> Fundamentos de Matemática para Ciência da Computação I  </title>
			<item identifier="item_1" identifierref="resource_1">
				<title>Questionário</title>
        <imsss:sequencing>
          <imsss:deliveryControls completionSetByContent="true" objectiveSetByContent="true"/>
        </imsss:sequencing>
			</item>
      <imsss:sequencing>
        <imsss:controlMode choice="true" flow="true"/>
      </imsss:sequencing>
		</organization>
	</organizations>
	<resources>
		<resource identifier="resource_1" type="webcontent" adlcp:scormType="sco" href="shared/launchpage.html">
      <file href="Playing/otherscoreing.jpg"/>
      <file href="Playing/OtherScoring.html"/>
      <file href="Playing/Par.html"/>
      <file href="Playing/par.jpg"/>
      <file href="Playing/Playing.html"/>
      <file href="Playing/playing.jpg"/>
      <file href="Playing/questions.js"/>
      <file href="Playing/rules.jpg"/>
      <file href="Playing/RulesOfGolf.html"/>
      <file href="Playing/Scoring.html"/>
      <file href="Playing/scoring.jpg"/>
      <file href="shared/assessmenttemplate.html"/>
      <file href="shared/background.jpg"/>
      <file href="shared/cclicense.png"/>
      <file href="shared/contentfunctions.js"/>
      <file href="shared/launchpage.html"/>
      <file href="shared/scormfunctions.js"/>
      <file href="shared/style.css"/>
		</resource>
	</resources>
</manifest>
